PTN,NAMA PRODI,MIN,SKOR,KELAYAKAN
UNIVERSITAS INDONESIA,PENDIDIKAN DOKTER,724.38,604,Tidak Cocok
UNIVERSITAS AIRLANGGA,PENDIDIKAN DOKTER,702.54,729,Cocok
UNIVERSITAS PADJADJARAN,PENDIDIKAN DOKTER,694.17,746,Cocok
UNIVERSITAS GADJAH MADA,KEDOKTERAN,689.05,653,Tidak Cocok
UNIVERSITAS INDONESIA,ILMU KOMPUTER,685.96,572,Tidak Cocok
UNIVERSITAS DIPONEGORO,KEDOKTERAN,685.77,771,Cocok
INSTITUT TEKNOLOGI BANDUNG,SEKOLAH TEK. ELEKTRO & INFORMATIKA (STEI),684.45,808,Cocok
UNIVERSITAS BRAWIJAYA,PENDIDIKAN DOKTER,682.85,529,Tidak Cocok
UNIVERSITAS INDONESIA,AKTUARIA,681.72,571,Tidak Cocok
INSTITUT TEKNOLOGI BANDUNG,FAKULTAS TEKNOLOGI INDUSTRI (FTI) - KAMPUS GANESA,680.99,657,Tidak Cocok
UNIVERSITAS SEBELAS MARET,KEDOKTERAN,680.23,677,Tidak Cocok
INSTITUT TEKNOLOGI BANDUNG,FAKULTAS TEKNIK MESIN & DIRGANTARA (FTMD),676.94,791,Cocok
UNIVERSITAS JENDERAL SOEDIRMAN,PENDIDIKAN DOKTER,675.34,550,Tidak Cocok
UNIVERSITAS JEMBER,PENDIDIKAN DOKTER,674.73,612,Tidak Cocok
UNIVERSITAS UDAYANA,PENDIDIKAN DOKTER,674.04,690,Cocok
UNIVERSITAS GADJAH MADA,STATISTIKA,669.68,704,Cocok
UNIVERSITAS GADJAH MADA,ILMU AKTUARIA,665.53,564,Tidak Cocok
INSTITUT TEKNOLOGI BANDUNG,FAKULTAS TEKNIK SIPIL & LINGKUNGAN (FTSL) - KAMPUS GANESA,665.04,645,Tidak Cocok
INSTITUT TEKNOLOGI BANDUNG,SEK. ARSITEKTUR. PERENC & PENGEMB KEBIJAKAN,664.66,628,Tidak Cocok
INSTITUT TEKNOLOGI SEPULUH NOPEMBER,INFORMATIKA,663.89,797,Cocok
UNIVERSITAS INDONESIA,ARSITEKTUR INTERIOR,663.43,781,Cocok
UNIVERSITAS GADJAH MADA,TEKNOLOGI INFORMASI,663.34,693,Cocok
UNIVERSITAS INDONESIA,TEKNIK INDUSTRI,663.3,590,Tidak Cocok
UNIVERSITAS GADJAH MADA,TEKNIK KIMIA,662.78,519,Tidak Cocok
UNIVERSITAS INDONESIA,TEKNIK METALURGI & MATERIAL,662.72,703,Cocok
UNIVERSITAS GADJAH MADA,KEDOKTERAN GIGI,662.28,694,Cocok
UNIVERSITAS GADJAH MADA,ILMU KOMPUTER,662.13,785,Cocok
UNIVERSITAS INDONESIA,PENDIDIKAN DOKTER GIGI,661.58,615,Tidak Cocok
UNIVERSITAS INDONESIA,TEKNIK SIPIL,661.36,596,Tidak Cocok
UNIVERSITAS INDONESIA,SISTEM INFORMASI,661.04,669,Cocok
UNIVERSITAS SRIWIJAYA,PENDIDIKAN DOKTER,660.96,686,Cocok
"UPN ""VETERAN"" JAKARTA",KEDOKTERAN,660.69,504,Tidak Cocok
UNIVERSITAS INDONESIA,MATEMATIKA,660.52,554,Tidak Cocok
UNIVERSITAS GADJAH MADA,FARMASI,659.42,666,Cocok
UNIVERSITAS GADJAH MADA,ARSITEKTUR,659.2,774,Cocok
UNIVERSITAS SUMATERA UTARA,PENDIDIKAN DOKTER,658.69,541,Tidak Cocok
UNIVERSITAS ISLAM NEGERI MALANG,PENDIDIKAN DOKTER,658.6,512,Tidak Cocok
UNIVERSITAS ANDALAS,PENDIDIKAN DOKTER,658.6,603,Tidak Cocok
INSTITUT TEKNOLOGI BANDUNG,FAK. MATEMATIKA & ILMU PENGET. ALAM (FMIPA),658.25,522,Tidak Cocok
UNIVERSITAS PADJADJARAN,PSIKOLOGI,657.83,749,Cocok
UNIVERSITAS HASANUDDIN,PENDIDIKAN DOKTER,657.64,681,Cocok
UNIVERSITAS GADJAH MADA,TEKNIK MESIN,656.72,643,Tidak Cocok
UNIVERSITAS INDONESIA,TEKNIK KIMIA,656.01,625,Tidak Cocok
UNIVERSITAS INDONESIA,STATISTIKA,655.85,745,Cocok
UNIVERSITAS AIRLANGGA,PENDIDIKAN DOKTER GIGI,655.84,624,Tidak Cocok
INSTITUT TEKNOLOGI BANDUNG,SEKOLAH FARMASI (SF),655.66,761,Cocok
UNIVERSITAS INDONESIA,TEKNIK BIOMEDIS,655.66,678,Cocok
UNIVERSITAS GADJAH MADA,MATEMATIKA,654.92,720,Cocok
UNIVERSITAS GADJAH MADA,TEKNIK INDUSTRI,654.85,634,Tidak Cocok
UNIVERSITAS GADJAH MADA,TEKNIK SIPIL,654.26,715,Cocok
UNIVERSITAS INDONESIA,TEKNIK MESIN,653.55,737,Cocok
INSTITUT TEKNOLOGI BANDUNG,SEKOLAH ILMU & TEKNO. HAYATI - PROG. SAINS,653.36,668,Cocok
UNIVERSITAS INDONESIA,TEKNIK KOMPUTER,653.09,769,Cocok
UNIVERSITAS INDONESIA,KIMIA,652.98,587,Tidak Cocok
UNIVERSITAS INDONESIA,TEKNOLOGI BIOPROSES,652.77,788,Cocok
INSTITUT TEKNOLOGI SEPULUH NOPEMBER,SISTEM INFORMASI,652.73,579,Tidak Cocok
UNIVERSITAS INDONESIA,FARMASI,652.49,706,Cocok
UNIVERSITAS INDONESIA,GIZI,652.45,752,Cocok
INSTITUT TEKNOLOGI BANDUNG,FAK. TEKNIK PERTAMB. & PERMINYAKAN (FTTM),652.21,569,Tidak Cocok
UNIVERSITAS INDONESIA,TEKNIK ELEKTRO,651.98,725,Cocok
UNIVERSITAS ISLAM NEGERI JAKARTA,PENDIDIKAN DOKTER,651.74,630,Tidak Cocok
UNIVERSITAS PADJADJARAN,PENDIDIKAN DOKTER GIGI,651.55,523,Tidak Cocok
UNIVERSITAS MATARAM,PENDIDIKAN DOKTER,651.07,599,Tidak Cocok
UNIVERSITAS GADJAH MADA,TEKNOLOGI PANGAN DAN HASIL PERTANIAN,650.64,790,Cocok
UNIVERSITAS INDONESIA,FISIKA,650.47,520,Tidak Cocok
INSTITUT TEKNOLOGI SEPULUH NOPEMBER,SAINS AKTUARIA,650.25,708,Cocok
INSTITUT PERTANIAN BOGOR,STATISTIKA,649.63,641,Tidak Cocok
UNIVERSITAS GADJAH MADA,TEKNIK ELEKTRO,649.61,761,Cocok
UNIVERSITAS INDONESIA,ILMU KESEHATAN MASYARAKAT,649.61,752,Cocok
UNIVERSITAS INDONESIA,ARSITEKTUR,649.47,604,Tidak Cocok
UNIVERSITAS INDONESIA,TEKNIK LINGKUNGAN,648.68,780,Cocok
INSTITUT PERTANIAN BOGOR,ILMU KOMPUTER,648.62,527,Tidak Cocok
INSTITUT TEKNOLOGI SEPULUH NOPEMBER,TEKNIK SIPIL,648.51,562,Tidak Cocok
UNIVERSITAS LAMPUNG,PEND. KEDOKTERAN,647.02,593,Tidak Cocok
UNIVERSITAS PADJADJARAN,ILMU AKTUARIA,646.77,618,Tidak Cocok
UNIVERSITAS INDONESIA,KESELAMATAN DAN KESEHATAN KERJA,646.44,720,Cocok
INSTITUT TEKNOLOGI BANDUNG,FAK. ILMU DAN TEKNOLOGI KEBUMIAN (FITB),646.2,635,Tidak Cocok
UNIVERSITAS GADJAH MADA,TEKNIK FISIKA,645.87,502,Tidak Cocok
UNIVERSITAS SYIAH KUALA,PENDIDIKAN DOKTER,645.71,669,Cocok
UNIVERSITAS PADJADJARAN,TEKNIK INFORMATIKA,645.65,659,Cocok
INSTITUT TEKNOLOGI BANDUNG,SEKOLAH ILMU & TEKNO HAYATI - PROG REKAYASA,645.62,691,Cocok
UNIVERSITAS GADJAH MADA,PERENCANAAN WILAYAH DAN KOTA,645.43,585,Tidak Cocok
INSTITUT PERTANIAN BOGOR,AKTUARIA,644.89,557,Tidak Cocok
UNIVERSITAS JEMBER,PENDIDIKAN DOKTER GIGI,644.7,690,Cocok
UNIVERSITAS BRAWIJAYA,PENDIDIKAN DOKTER GIGI,644.43,743,Cocok
UNIVERSITAS JENDERAL SOEDIRMAN,PENDIDIKAN DOKTER GIGI,643.81,532,Tidak Cocok
UNIVERSITAS GADJAH MADA,GIZI KESEHATAN,643.32,714,Cocok
INSTITUT TEKNOLOGI SEPULUH NOPEMBER,TEKNIK ELEKTRO,643.07,768,Cocok
UNIVERSITAS RIAU,PEND. DOKTER,643.01,638,Tidak Cocok
UNIVERSITAS INDONESIA,KESEHATAN LINGKUNGAN,642.77,695,Cocok
INSTITUT TEKNOLOGI SEPULUH NOPEMBER,TEKNIK KIMIA,642.56,690,Cocok
UNIVERSITAS DIPONEGORO,TEKNIK INDUSTRI,642.38,567,Tidak Cocok
UNIVERSITAS GADJAH MADA,TEKNIK GEODESI,641.44,731,Cocok
UNIVERSITAS GADJAH MADA,KIMIA,641.3,509,Tidak Cocok
UNIVERSITAS SEBELAS MARET,INFORMATIKA,639.86,637,Tidak Cocok
INSTITUT TEKNOLOGI SEPULUH NOPEMBER,ARSITEKTUR,639.37,583,Tidak Cocok
INSTITUT TEKNOLOGI SEPULUH NOPEMBER,STATISTIKA,639.31,670,Cocok
INSTITUT TEKNOLOGI SEPULUH NOPEMBER,TEKNOLOGI INFORMASI,638.99,762,Cocok
UNIVERSITAS DIPONEGORO,TEKNIK SIPIL,638.74,522,Tidak Cocok
INSTITUT TEKNOLOGI SEPULUH NOPEMBER,TEKNIK INDUSTRI,638.67,694,Cocok
UNIVERSITAS INDONESIA,GEOLOGI,638.6,617,Tidak Cocok
INSTITUT TEKNOLOGI BANDUNG,FAKULTAS TEKNOLOGI INDUSTRI (FTI) - KAMPUS CIREBON,638.5,561,Tidak Cocok
UNIVERSITAS GADJAH MADA,ELEKTRONIKA DAN INSTRUMENTASI,638.37,803,Cocok
INSTITUT TEKNOLOGI BANDUNG,FAKULTAS TEKNIK SIPIL DAN LINGKUNGAN (FTSL) - KAMPUS JATINANGOR,638.12,681,Cocok
UNIVERSITAS GADJAH MADA,GEOFISIKA,637.75,776,Cocok
UNIVERSITAS DIPONEGORO,KEDOKTERAN GIGI,637.63,539,Tidak Cocok
INSTITUT TEKNOLOGI SEPULUH NOPEMBER,TEKNIK BIOMEDIK,636.9,710,Cocok
INSTITUT TEKNOLOGI SEPULUH NOPEMBER,TEKNIK MESIN,636.7,586,Tidak Cocok
UNIVERSITAS PENDIDIKAN GANESHA,KEDOKTERAN,636.54,592,Tidak Cocok
UNIVERSITAS SEBELAS MARET,PSIKOLOGI,636.51,691,Cocok
INSTITUT PERTANIAN BOGOR,TEKNOLOGI PANGAN,636.42,546,Tidak Cocok
UNIVERSITAS DIPONEGORO,TEKNIK KIMIA,636.15,655,Cocok
UNIVERSITAS INDONESIA,BIOLOGI,635.91,578,Tidak Cocok
UNIVERSITAS DIPONEGORO,INFORMATIKA,635.62,647,Cocok
UNIVERSITAS INDONESIA,GEOFISIKA,635.5,697,Cocok
INSTITUT PERTANIAN BOGOR,TEKNIK SIPIL DAN LINGKUNGAN,635.39,753,Cocok
UNIVERSITAS MULAWARMAN,PENDIDIKAN DOKTER,635.14,773,Cocok
UNIVERSITAS GADJAH MADA,TEKNIK GEOLOGI,634.99,798,Cocok
UNIVERSITAS PADJADJARAN,FARMASI,634.72,663,Cocok
UNIVERSITAS JENDERAL SOEDIRMAN,FARMASI,634.33,731,Cocok
UNIVERSITAS AIRLANGGA,PENDIDIKAN APOTEKER,634.27,774,Cocok
UNIVERSITAS BRAWIJAYA,TEKNIK INDUSTRI,633.64,623,Tidak Cocok
UNIVERSITAS LAMBUNG MANGKURAT,PENDIDIKAN DOKTER,633.45,650,Cocok
UNIVERSITAS GADJAH MADA,TEKNOLOGI INDUSTRI PERTANIAN,633.36,689,Cocok
UNIVERSITAS BRAWIJAYA,STATISTIKA,632.86,630,Tidak Cocok
INSTITUT PERTANIAN BOGOR,ILMU GIZI,632.78,756,Cocok
UNIVERSITAS TANJUNGPURA,PEND. DOKTER,632.65,503,Tidak Cocok
UNIVERSITAS UDAYANA,PENDIDIKAN DOKTER GIGI,632.59,524,Tidak Cocok
UNIVERSITAS JAMBI,KEDOKTERAN,632.42,582,Tidak Cocok
INSTITUT PERTANIAN BOGOR,BIOKIMIA,631.93,623,Tidak Cocok
UNIVERSITAS SEBELAS MARET,TEKNIK SIPIL,631.88,674,Cocok
UNIVERSITAS PADJADJARAN,STATISTIKA,631.73,771,Cocok
INSTITUT TEKNOLOGI SEPULUH NOPEMBER,TEKNIK FISIKA,631.59,599,Tidak Cocok
UNIVERSITAS GADJAH MADA,BIOLOGI,631.44,536,Tidak Cocok
UNIVERSITAS GADJAH MADA,PEMBANGUNAN WILAYAH,631.43,752,Cocok
UNIVERSITAS PADJADJARAN,TEKNOLOGI PANGAN,631.24,802,Cocok
INSTITUT TEKNOLOGI SEPULUH NOPEMBER,TEKNIK KOMPUTER,630.95,578,Tidak Cocok
UNIVERSITAS GADJAH MADA,TEKNIK NUKLIR,630.21,743,Cocok
UNIVERSITAS INDONESIA,GEOGRAFI,629.84,740,Cocok
UNIVERSITAS BRAWIJAYA,TEKNIK INFORMATIKA,629.77,540,Tidak Cocok
UNIVERSITAS BRAWIJAYA,SISTEM INFORMASI,629.63,502,Tidak Cocok
UNIVERSITAS ANDALAS,PENDIDIKAN DOKTER GIGI,629.58,684,Cocok
UNIVERSITAS BRAWIJAYA,FARMASI,629.28,761,Cocok
UNIVERSITAS SEBELAS MARET,TEKNIK KIMIA,629.27,608,Tidak Cocok
UNIVERSITAS PADJADJARAN,KIMIA,629.08,665,Cocok
UNIVERSITAS INDONESIA,TEKNIK PERKAPALAN,629.01,770,Cocok
UNIVERSITAS DIPONEGORO,TEKNIK ELEKTRO,629.0,582,Tidak Cocok
UNIVERSITAS GADJAH MADA,FISIKA,628.8,669,Cocok
UNIVERSITAS GADJAH MADA,KARTOGRAFI DAN PENGINDERAAN JAUH,628.7,564,Tidak Cocok
UNIVERSITAS DIPONEGORO,ARSITEKTUR,628.64,600,Tidak Cocok
INSTITUT PERTANIAN BOGOR,MATEMATIKA,628.51,808,Cocok
UNIVERSITAS DIPONEGORO,STATISTIKA,628.28,521,Tidak Cocok
UNIVERSITAS SEBELAS MARET,FARMASI,628.03,667,Cocok
INSTITUT TEKNOLOGI SEPULUH NOPEMBER,TEKNIK MATERIAL,627.85,617,Tidak Cocok
UNIVERSITAS SEBELAS MARET,STATISTIKA,627.28,680,Cocok
UNIVERSITAS GADJAH MADA,EKONOMI PERTANIAN DAN AGRIBISNIS,627.14,755,Cocok
UNIVERSITAS SAM RATULANGI,PENDIDIKAN DOKTER,627.11,737,Cocok
UNIVERSITAS NEGERI YOGYAKARTA,PENDIDIKAN MATEMATIKA,626.98,756,Cocok
UNIVERSITAS PADJADJARAN,MATEMATIKA,626.86,776,Cocok
UNIVERSITAS NEGERI JAKARTA,ILMU KOMPUTER,626.75,502,Tidak Cocok
UNIVERSITAS CENDERAWASIH,PENDIDIKAN DOKTER,626.45,704,Cocok
UNIVERSITAS AIRLANGGA,TEKNOBIOMEDIK,626.44,666,Cocok
UNIVERSITAS AIRLANGGA,SISTEM INFORMASI,626.25,757,Cocok
UNIVERSITAS BRAWIJAYA,ILMU DAN TEKNOLOGI PANGAN,626.18,723,Cocok
UNIVERSITAS BRAWIJAYA,TEKNIK SIPIL,626.1,631,Cocok
INSTITUT TEKNOLOGI BANDUNG,FAKULTAS TEKNOLOGI INDUSTRI (FTI) - KAMPUS JATINANGOR,626.04,658,Cocok
UNIVERSITAS BENGKULU,PENDIDIKAN DOKTER,625.95,747,Cocok
UNIVERSITAS SEBELAS MARET,TEKNIK INDUSTRI,625.76,591,Tidak Cocok
UNIVERSITAS GADJAH MADA,GEOGRAFI LINGKUNGAN,625.37,711,Cocok
UNIVERSITAS DIPONEGORO,TEKNIK LINGKUNGAN,625.1,668,Cocok
UNIVERSITAS BRAWIJAYA,ARSITEKTUR,625.06,798,Cocok
INSTITUT TEKNOLOGI SEPULUH NOPEMBER,TEKNIK SISTEM PERKAPALAN,624.95,530,Tidak Cocok
UNIVERSITAS GADJAH MADA,KEDOKTERAN HEWAN,624.49,634,Cocok
UNIVERSITAS PADJADJARAN,TEKNIK GEOLOGI,624.47,794,Cocok
UNIVERSITAS DIPONEGORO,GIZI,624.2,633,Cocok
INSTITUT TEKNOLOGI SEPULUH NOPEMBER,TEKNIK GEOFISIKA,624.1,763,Cocok
INSTITUT TEKNOLOGI SEPULUH NOPEMBER,TEKNIK LINGKUNGAN,624.03,736,Cocok
INSTITUT PERTANIAN BOGOR,MANAJEMEN,623.78,698,Cocok
UNIVERSITAS HASANUDDIN,PENDIDIKAN DOKTER GIGI,623.74,630,Cocok
UNIVERSITAS DIPONEGORO,FARMASI,623.68,772,Cocok
UNIVERSITAS SEBELAS MARET,ARSITEKTUR,623.07,511,Tidak Cocok
UNIVERSITAS BRAWIJAYA,TEKNIK ELEKTRO,623.05,736,Cocok
UNIVERSITAS NEGERI YOGYAKARTA,STATISTIKA,622.97,502,Tidak Cocok
INSTITUT TEKNOLOGI SEPULUH NOPEMBER,PERENCANAAN WILAYAH DAN KOTA,622.84,528,Tidak Cocok
UNIVERSITAS DIPONEGORO,TEKNOLOGI PANGAN,622.84,779,Cocok
UNIVERSITAS MALIKUSSALEH,PENDIDIKAN DOKTER,622.49,690,Cocok
INSTITUT PERTANIAN BOGOR,ARSITEKTUR LANSEKAP,622.43,750,Cocok
INSTITUT PERTANIAN BOGOR,KIMIA,622.15,585,Tidak Cocok
UNIVERSITAS GADJAH MADA,ILMU KEPERAWATAN,621.74,719,Cocok
UNIVERSITAS SRIWIJAYA,PENDIDIKAN DOKTER GIGI,621.57,782,Cocok
UNIVERSITAS INDONESIA,ILMU KEPERAWATAN,621.33,734,Cocok
UNIVERSITAS PADJADJARAN,GEOFISIKA,621.27,781,Cocok
UNIVERSITAS NEGERI JAKARTA,KIMIA,620.96,518,Tidak Cocok
UNIVERSITAS DIPONEGORO,MATEMATIKA,620.73,795,Cocok
UNIVERSITAS BRAWIJAYA,TEKNIK KIMIA,620.71,545,Tidak Cocok
UNIVERSITAS GADJAH MADA,TEKNIK PERTANIAN,620.7,601,Tidak Cocok
INSTITUT TEKNOLOGI SEPULUH NOPEMBER,TEKNIK KELAUTAN,620.51,642,Cocok
INSTITUT TEKNOLOGI SEPULUH NOPEMBER,MATEMATIKA,620.4,720,Cocok
UNIVERSITAS PADJADJARAN,TEKNIK ELEKTRO,620.03,631,Cocok
INSTITUT TEKNOLOGI SEPULUH NOPEMBER,KIMIA,619.59,510,Tidak Cocok
INSTITUT PERTANIAN BOGOR,BISNIS,619.26,753,Cocok
UNIVERSITAS GADJAH MADA,MIKROBIOLOGI PERTANIAN,619.26,732,Cocok
UNIVERSITAS BRAWIJAYA,BIOTEKNOLOGI,618.87,539,Tidak Cocok
INSTITUT TEKNOLOGI SEPULUH NOPEMBER,TEKNIK GEOMATIKA,618.6,631,Cocok
UNIVERSITAS ANDALAS,FARMASI,618.53,599,Tidak Cocok
UNIVERSITAS NEGERI YOGYAKARTA,TEKNOLOGI INFORMASI,618.51,761,Cocok
UNIVERSITAS UDAYANA,FARMASI,618.3,569,Tidak Cocok
UNIVERSITAS DIPONEGORO,PERENCANAAN WILAYAH DAN KOTA,618.25,610,Tidak Cocok
UNIVERSITAS PENDIDIKAN INDONESIA,KIMIA,618.22,550,Tidak Cocok
UNIVERSITAS DIPONEGORO,TEKNIK MESIN,618.21,605,Tidak Cocok
UNIVERSITAS BRAWIJAYA,TEKNIK LINGKUNGAN,618.02,778,Cocok
UNIVERSITAS SEBELAS MARET,PERENCANAAN WILAYAH DAN KOTA (PWK),618.0,526,Tidak Cocok
UNIVERSITAS BRAWIJAYA,TEKNIK MESIN,617.7,518,Tidak Cocok
UNIVERSITAS NEGERI YOGYAKARTA,MATEMATIKA,617.63,521,Tidak Cocok
UNIVERSITAS BRAWIJAYA,GIZI KESEHATAN / ILMU GIZI,617.63,606,Tidak Cocok
UNIVERSITAS DIPONEGORO,KIMIA,617.62,765,Cocok
UNIVERSITAS BRAWIJAYA,KIMIA,617.48,508,Tidak Cocok
UNIVERSITAS BRAWIJAYA,MATEMATIKA,617.14,581,Tidak Cocok
UNIVERSITAS DIPONEGORO,KESEHATAN MASYARAKAT,617.12,741,Cocok
UNIVERSITAS SEBELAS MARET,TEKNIK MESIN,616.73,727,Cocok
INSTITUT TEKNOLOGI BANDUNG,SEK. ARSITEKTUR. PERENC & PENGEMB KEBIJAKAN (SAPPK) - KAMPUS CIREBON,616.56,761,Cocok
UNIVERSITAS SEBELAS MARET,KIMIA,616.25,646,Cocok
UNIVERSITAS NUSA CENDANA,PENDIDIKAN DOKTER,616.12,570,Tidak Cocok
UNIVERSITAS SEBELAS MARET,ILMU DAN TEKNOLOGI PANGAN,616.0,502,Tidak Cocok
INSTITUT TEKNOLOGI SEPULUH NOPEMBER,BIOLOGI,615.84,547,Tidak Cocok
UNIVERSITAS NEGERI YOGYAKARTA,KIMIA,615.75,609,Tidak Cocok
UNIVERSITAS AIRLANGGA,ILMU GIZI,615.58,725,Cocok
"UPN ""VETERAN"" YOGYAKARTA",TEKNIK GEOLOGI,615.41,789,Cocok
UNIVERSITAS PENDIDIKAN INDONESIA,MATEMATIKA,615.34,787,Cocok
INSTITUT PERTANIAN BOGOR,TEKNOLOGI INDUSTRI PERTANIAN,615.28,535,Tidak Cocok
UNIVERSITAS NEGERI JAKARTA,STATISTIKA,615.22,604,Tidak Cocok
UNIVERSITAS DIPONEGORO,TEKNIK GEODESI,615.11,716,Cocok
INSTITUT PERTANIAN BOGOR,EKONOMI PEMBANGUNAN,615.1,778,Cocok
UNIVERSITAS NEGERI YOGYAKARTA,PENDIDIKAN KIMIA,615.04,716,Cocok
UNIVERSITAS PENDIDIKAN INDONESIA,ARSITEKTUR,614.99,739,Cocok
UNIVERSITAS DIPONEGORO,TEKNIK KOMPUTER,614.89,646,Cocok
INSTITUT PERTANIAN BOGOR,METEOROLOGI TERAPAN,614.73,692,Cocok
UNIVERSITAS JENDERAL SOEDIRMAN,ILMU GIZI,614.44,691,Cocok
UNIVERSITAS SUMATERA UTARA,PENDIDIKAN DOKTER GIGI,614.38,508,Tidak Cocok
UNIVERSITAS SYIAH KUALA,PENDIDIKAN DOKTER GIGI,614.36,561,Tidak Cocok
UNIVERSITAS AIRLANGGA,STATISTIKA,614.11,501,Tidak Cocok
UNIVERSITAS JENDERAL SOEDIRMAN,TEKNIK INFORMATIKA,613.9,648,Cocok
UNIVERSITAS AIRLANGGA,MATEMATIKA,613.85,561,Tidak Cocok
INSTITUT PERTANIAN BOGOR,BIOLOGI,613.82,785,Cocok
UNIVERSITAS PADJADJARAN,FISIKA,613.76,776,Cocok
"UPN ""VETERAN"" YOGYAKARTA",TEKNIK PERTAMBANGAN,613.45,551,Tidak Cocok
UNIVERSITAS PADJADJARAN,BIOLOGI,613.31,759,Cocok
UNIVERSITAS SEBELAS MARET,PENDIDIKAN MATEMATIKA,613.28,743,Cocok
UNIVERSITAS PENDIDIKAN INDONESIA,ILMU KOMPUTER,613.17,658,Cocok
UNIVERSITAS DIPONEGORO,BIOTEKNOLOGI,612.92,793,Cocok
UNIVERSITAS JENDERAL SOEDIRMAN,TEKNIK SIPIL,612.49,743,Cocok
UNIVERSITAS ISLAM NEGERI JAKARTA,FARMASI,612.44,592,Tidak Cocok
UNIVERSITAS SEBELAS MARET,TEKNIK ELEKTRO,612.32,730,Cocok
INSTITUT TEKNOLOGI SEPULUH NOPEMBER,DESAIN KOMUNIKASI VISUAL,611.86,634,Cocok
UNIVERSITAS GADJAH MADA,ILMU TANAH,611.86,600,Tidak Cocok
INSTITUT TEKNOLOGI SEPULUH NOPEMBER,TEKNIK TRANSPORTASI LAUT,611.73,611,Tidak Cocok
"UPN ""VETERAN"" YOGYAKARTA",TEKNIK INFORMATIKA,611.6,642,Cocok
UNIVERSITAS ISLAM NEGERI SUNAN KALIJAGA,TEKNIK INFORMATIKA,611.51,528,Tidak Cocok
UNIVERSITAS SEBELAS MARET,MATEMATIKA,611.29,715,Cocok
UNIVERSITAS PALANGKARAYA,PENDIDIKAN DOKTER,611.27,512,Tidak Cocok
UNIVERSITAS NEGERI SEMARANG,TEKNIK INFORMATIKA,611.21,598,Tidak Cocok
UNIVERSITAS BRAWIJAYA,PERENCANAAN WILAYAH & KOTA,610.89,655,Cocok
UNIVERSITAS JEMBER,FARMASI,610.73,674,Cocok
UNIVERSITAS ANDALAS,TEKNIK INDUSTRI,610.73,643,Cocok
INSTITUT PERTANIAN BOGOR,KEDOKTERAN HEWAN,610.72,748,Cocok
UNIVERSITAS AIRLANGGA,KESEHATAN MASYARAKAT,610.67,643,Cocok
UNIVERSITAS GADJAH MADA,AGRONOMI,610.6,572,Tidak Cocok
UNIVERSITAS NEGERI JAKARTA,MATEMATIKA,610.45,706,Cocok
UNIVERSITAS ANDALAS,SISTEM INFORMASI,610.35,752,Cocok
UNIVERSITAS DIPONEGORO,TEKNIK GEOLOGI,610.07,594,Tidak Cocok
"UPN ""VETERAN"" JAKARTA",INFORMATIKA,609.82,556,Tidak Cocok
UNIVERSITAS BRAWIJAYA,TEKNIK KOMPUTER,609.16,683,Cocok
UNIVERSITAS HALUOLEO,PENDIDIKAN DOKTER,608.95,583,Tidak Cocok
UNIVERSITAS GADJAH MADA,HIGIENE GIGI,608.76,791,Cocok
UNIVERSITAS SEBELAS MARET,BIOLOGI,608.75,754,Cocok
UNIVERSITAS NEGERI SEMARANG,FARMASI,608.7,682,Cocok
UNIVERSITAS GADJAH MADA,KEHUTANAN,608.64,551,Tidak Cocok
INSTITUT TEKNOLOGI SEPULUH NOPEMBER,TEKNIK PERKAPALAN,608.55,743,Cocok
UNIVERSITAS GADJAH MADA,TEKNOLOGI HASIL PERIKANAN,608.51,796,Cocok
INSTITUT TEKNOLOGI BANDUNG,FAK. TEKNIK PERTAMB. & PERMINYAKAN (FTTM) - KAMPUS CIREBON,608.42,536,Tidak Cocok
INSTITUT PERTANIAN BOGOR,EKONOMI SUMBERDAYA DAN LINGKUNGAN,608.38,578,Tidak Cocok
UNIVERSITAS DIPONEGORO,BIOLOGI,608.27,725,Cocok
UNIVERSITAS GADJAH MADA,MANAJEMEN SUMBERDAYA AKUATIK (MANAJEMEN SUMBER DAYA PERIKANAN),607.94,530,Tidak Cocok
INSTITUT TEKNOLOGI SEPULUH NOPEMBER,FISIKA,607.8,720,Cocok
UNIVERSITAS PADJADJARAN,AGRIBISNIS,607.42,604,Tidak Cocok
UNIVERSITAS DIPONEGORO,TEKNIK PERKAPALAN,607.31,661,Cocok
UNIVERSITAS ISLAM NEGERI ALAUDDIN,PENDIDIKAN DOKTER,607.23,531,Tidak Cocok
UNIVERSITAS GADJAH MADA,AKUAKULTUR (BUDIDAYA PERIKANAN),606.65,505,Tidak Cocok
UNIVERSITAS NEGERI SEMARANG,TEKNIK SIPIL,606.59,534,Tidak Cocok
UNIVERSITAS BRAWIJAYA,TEKNIK GEOFISIKA,606.38,777,Cocok
UNIVERSITAS PADJADJARAN,ILMU KEPERAWATAN,606.36,588,Tidak Cocok
"UPN ""VETERAN"" YOGYAKARTA",TEKNIK KIMIA,606.28,766,Cocok
UNIVERSITAS DIPONEGORO,FISIKA,606.13,510,Tidak Cocok
UNIVERSITAS MULAWARMAN,KEDOKTERAN GIGI,606.02,722,Cocok
INSTITUT PERTANIAN BOGOR,AGRIBISNIS,606.02,601,Tidak Cocok
UNIVERSITAS AIRLANGGA,KIMIA,605.9,615,Cocok
"UPN ""VETERAN"" YOGYAKARTA",TEKNIK GEOFISIKA,605.58,699,Cocok
UNIVERSITAS JENDERAL SOEDIRMAN,ILMU DAN TEKNOLOGI PANGAN,605.26,683,Cocok
UNIVERSITAS GADJAH MADA,PROTEKSI TANAMAN (ILMU HAMA DAN PENYAKIT TUMBUHAN),605.26,501,Tidak Cocok
UNIVERSITAS BRAWIJAYA,TEKNOLOGI INFORMASI,605.14,734,Cocok
UNIVERSITAS PENDIDIKAN INDONESIA,BIOLOGI,605.07,599,Tidak Cocok
UNIVERSITAS ISLAM NEGERI JAKARTA,SISTEM INFORMASI,605.02,619,Cocok
UNIVERSITAS JENDERAL SOEDIRMAN,MATEMATIKA,604.85,642,Cocok
UNIVERSITAS AIRLANGGA,ILMU DAN TEKNOLOGI LINGKUNGAN,604.74,703,Cocok
UNIVERSITAS AIRLANGGA,PENDIDIKAN BIDAN,604.56,524,Tidak Cocok
UNIVERSITAS BRAWIJAYA,TEKNIK PENGAIRAN,604.27,717,Cocok
INSTITUT PERTANIAN BOGOR,EKONOMI SYARIAH,604.2,642,Cocok
"UPN ""VETERAN"" YOGYAKARTA",TEKNIK INDUSTRI,604.11,621,Cocok
UNIVERSITAS NEGERI SEMARANG,TEKNIK KIMIA,603.99,519,Tidak Cocok
UNIVERSITAS PENDIDIKAN INDONESIA,PENDIDIKAN MATEMATIKA,603.84,768,Cocok
UNIVERSITAS SEBELAS MARET,FISIKA,603.55,760,Cocok
"UPN ""VETERAN"" JAKARTA",TEKNIK INDUSTRI,603.5,667,Cocok
"UPN ""VETERAN"" JAKARTA",FARMASI,603.47,738,Cocok
UNIVERSITAS PENDIDIKAN INDONESIA,TEKNIK ELEKTRO,603.19,675,Cocok
UNIVERSITAS ANDALAS,TEKNIK SIPIL,603.09,550,Tidak Cocok
UNIVERSITAS ANDALAS,TEKNIK LINGKUNGAN,603.06,801,Cocok
INSTITUT TEKNOLOGI SEPULUH NOPEMBER,TEK. SIST PERKAPALAN (GLR GANDA ITS-JERMAN),602.56,532,Tidak Cocok
UNIVERSITAS BRAWIJAYA,BIOLOGI,602.53,542,Tidak Cocok
UNIVERSITAS NEGERI MALANG,TEKNIK INFORMATIKA,602.45,509,Tidak Cocok
UNIVERSITAS SEBELAS MARET,AGRIBISNIS,602.22,679,Cocok
UNIVERSITAS NEGERI YOGYAKARTA,PENDIDIKAN BIOLOGI,602.2,549,Tidak Cocok
UNIVERSITAS JENDERAL SOEDIRMAN,KIMIA,602.09,568,Tidak Cocok
INSTITUT PERTANIAN BOGOR,KOMUNIKASI DAN PENGEMBANGAN MASYARAKAT,601.92,544,Tidak Cocok
"UPN ""VETERAN"" YOGYAKARTA",TEKNIK LINGKUNGAN,601.81,801,Cocok
INSTITUT PERTANIAN BOGOR,ILMU DAN TEKNOLOGI KELAUTAN,601.8,583,Tidak Cocok
UNIVERSITAS PADJADJARAN,TEKNOLOGI INDUSTRI PERTANIAN,601.72,768,Cocok
UNIVERSITAS NEGERI YOGYAKARTA,PENDIDIKAN FISIKA,601.48,786,Cocok
UNIVERSITAS NEGERI YOGYAKARTA,BIOLOGI,601.48,500,Tidak Cocok
"UPN ""VETERAN"" JAWA TIMUR",TEKNIK KIMIA,601.2,521,Tidak Cocok
UNIVERSITAS NEGERI JAKARTA,PENDIDIKAN MATEMATIKA,601.08,600,Tidak Cocok
UNIVERSITAS NEGERI MALANG,PENDIDIKAN MATEMATIKA,601.04,549,Tidak Cocok
INSTITUT PERTANIAN BOGOR,MANAJEMEN SUMBERDAYA LAHAN,600.72,508,Tidak Cocok
"UPN ""VETERAN"" YOGYAKARTA",TEKNIK PERMINYAKAN,600.2,744,Cocok
UNIVERSITAS NEGERI SEMARANG,PENDIDIKAN MATEMATIKA,600.14,693,Cocok
UNIVERSITAS LAMBUNG MANGKURAT,KEDOKTERAN GIGI,600.08,545,Tidak Cocok
UNIVERSITAS JENDERAL SOEDIRMAN,KESEHATAN MASYARAKAT,599.99,795,Cocok
UNIVERSITAS PENDIDIKAN INDONESIA,FISIKA,599.94,618,Cocok
UNIVERSITAS GADJAH MADA,ILMU DAN INDUSTRI PETERNAKAN,599.64,597,Tidak Cocok
"UPN ""VETERAN"" YOGYAKARTA",SISTEM INFORMASI,599.52,601,Cocok
UNIVERSITAS PENDIDIKAN INDONESIA,TEKNIK SIPIL,599.23,751,Cocok
INSTITUT PERTANIAN BOGOR,AGRONOMI DAN HORTIKULTURA,599.14,771,Cocok
UNIVERSITAS GADJAH MADA,PENYULUHAN DAN KOMUNIKASI PERTANIAN,599.0,523,Tidak Cocok
UNIVERSITAS PATTIMURA,PENDIDIKAN DOKTER,599.0,726,Cocok
UNIVERSITAS JEMBER,TEKNIK SIPIL,598.92,787,Cocok
UNIVERSITAS BRAWIJAYA,INSTRUMENTASI,598.77,572,Tidak Cocok
UNIVERSITAS JENDERAL SOEDIRMAN,TEKNIK ELEKTRO,598.69,556,Tidak Cocok
UNIVERSITAS PADJADJARAN,KEDOKTERAN HEWAN,598.65,745,Cocok
UNIVERSITAS PADJADJARAN,AGROTEKNOLOGI,598.6,737,Cocok
UNIVERSITAS BRAWIJAYA,TEKNOLOGI BIOPROSES,598.45,721,Cocok
UNIVERSITAS SRIWIJAYA,TEKNIK SIPIL,598.44,536,Tidak Cocok
UNIVERSITAS TADULAKO,PEND. DOKTER,598.37,520,Tidak Cocok
UNIVERSITAS NEGERI SEMARANG,MATEMATIKA,598.3,776,Cocok
UNIVERSITAS NEGERI MALANG,MATEMATIKA,597.86,739,Cocok
"UPN ""VETERAN"" JAKARTA",SISTEM INFORMASI,597.63,743,Cocok
UNIVERSITAS NEGERI YOGYAKARTA,FISIKA,597.55,724,Cocok
UNIVERSITAS NEGERI YOGYAKARTA,TEKNIK SIPIL,597.53,637,Cocok
UNIVERSITAS DIPONEGORO,OCEANOGRAFI,597.53,592,Tidak Cocok
INSTITUT PERTANIAN BOGOR,FISIKA,597.46,738,Cocok
UNIVERSITAS AIRLANGGA,KEDOKTERAN HEWAN,597.27,524,Tidak Cocok
UNIVERSITAS BRAWIJAYA,TEKNOLOGI INDUSTRI PERTANIAN,597.02,785,Cocok
UNIVERSITAS NEGERI MALANG,TEKNIK SIPIL,596.99,520,Tidak Cocok
"UPN ""VETERAN"" JAKARTA",GIZI,596.96,539,Tidak Cocok
UNIVERSITAS NEGERI SEMARANG,TEKNIK ELEKTRO,596.89,686,Cocok
UNIVERSITAS NEGERI SEMARANG,KIMIA,596.76,745,Cocok
"UPN ""VETERAN"" YOGYAKARTA",AGRIBISNIS,596.64,763,Cocok
UNIVERSITAS SEBELAS MARET,PENDIDIKAN KIMIA,596.62,725,Cocok
"UPN ""VETERAN"" JAKARTA",KESEHATAN MASYARAKAT,596.61,570,Tidak Cocok
UNIVERSITAS ANDALAS,PSIKOLOGI,596.49,530,Tidak Cocok
UNIVERSITAS SEBELAS MARET,ILMU TANAH,596.42,752,Cocok
INSTITUT TEKNOLOGI SEPULUH NOPEMBER,DESAIN INTERIOR,596.42,729,Cocok
UNIVERSITAS NEGERI SEMARANG,TEKNIK ARSITEKTUR,596.22,561,Tidak Cocok
UNIVERSITAS ANDALAS,TEKNIK ELEKTRO,596.12,781,Cocok
INSTITUT PERTANIAN BOGOR,KONSERVASI SUMBERDAYAHUTAN& EKOWISATA,595.85,585,Tidak Cocok
UNIVERSITAS SUMATERA UTARA,FARMASI,595.77,584,Tidak Cocok
UNIVERSITAS NEGERI SURABAYA,MATEMATIKA,595.74,752,Cocok
UNIVERSITAS SUMATERA UTARA,TEKNOLOGI INFORMASI,595.73,738,Cocok
UNIVERSITAS PENDIDIKAN INDONESIA,PENDIDIKAN BIOLOGI,595.7,685,Cocok
"UPN ""VETERAN"" JAWA TIMUR",ARSITEKTUR,595.34,721,Cocok
"UPN ""VETERAN"" JAWA TIMUR",TEKNIK INFORMATIKA,595.26,676,Cocok
UNIVERSITAS JENDERAL SOEDIRMAN,KEPERAWATAN,595.1,677,Cocok
UNIVERSITAS NEGERI JAKARTA,FISIKA,594.99,749,Cocok
"UPN ""VETERAN"" YOGYAKARTA",METALURGI,594.88,510,Tidak Cocok
UNIVERSITAS BRAWIJAYA,PENDIDIKAN DOKTER HEWAN,594.75,530,Tidak Cocok
UNIVERSITAS ANDALAS,MATEMATIKA,594.74,526,Tidak Cocok
UNIVERSITAS SEBELAS MARET,AGROTEKNOLOGI / AGROEKOTEKNOLOGI,594.68,797,Cocok
UNIVERSITAS BRAWIJAYA,FISIKA,594.61,634,Cocok
UNIVERSITAS HASANUDDIN,TEKNIK INFORMATIKA,594.56,547,Tidak Cocok
UNIVERSITAS SRIWIJAYA,ARSITEKTUR,594.15,637,Cocok
UNIVERSITAS SUMATERA UTARA,TEKNIK INDUSTRI,594.05,611,Cocok
INSTITUT TEKNOLOGI SEPULUH NOPEMBER,DESAIN PRODUK INDUSTRI,593.97,608,Cocok
UNIVERSITAS LAMBUNG MANGKURAT,FARMASI,593.93,556,Tidak Cocok
"UPN ""VETERAN"" YOGYAKARTA",TEKNIK GEOMATIKA,593.91,550,Tidak Cocok
UNIVERSITAS SEBELAS MARET,PENDIDIKAN BIOLOGI,593.9,719,Cocok
INSTITUT PERTANIAN BOGOR,MANAJEMEN SUMBERDAYA PERAIRAN,593.88,567,Tidak Cocok
UNIVERSITAS JENDERAL SOEDIRMAN,TEKNIK INDUSTRI,593.75,780,Cocok
INSTITUT PERTANIAN BOGOR,TEKNIK PERTANIAN DAN BIOSISTEM,593.7,605,Cocok
UNIVERSITAS NEGERI YOGYAKARTA,PENDIDIKAN IPA,593.56,653,Cocok
UNIVERSITAS NEGERI MALANG,KIMIA,593.55,734,Cocok
UNIVERSITAS JENDERAL SOEDIRMAN,TEKNIK GEOLOGI,593.47,600,Cocok
UNIVERSITAS UDAYANA,TEKNIK ARSITEKTUR,593.47,724,Cocok
UNIVERSITAS NEGERI YOGYAKARTA,PENDIDIKAN TEKNIK INFORMATIKA,593.32,718,Cocok
INSTITUT PERTANIAN BOGOR,TEKNOLOGI & MANAJEMEN PERIKANAN TANGKAP,593.3,547,Tidak Cocok
INSTITUT PERTANIAN BOGOR,PROTEKSI TANAMAN,593.28,754,Cocok
UNIVERSITAS NEGERI JAKARTA,BIOLOGI,593.2,599,Cocok
UNIVERSITAS SEBELAS MARET,ILMU LINGKUNGAN,592.99,595,Cocok
UNIVERSITAS ANDALAS,TEKNIK MESIN,592.98,720,Cocok
UNIVERSITAS NEGERI SEMARANG,GIZI,592.98,561,Tidak Cocok
UNIVERSITAS ISLAM NEGERI SUNAN KALIJAGA,TEKNIK INDUSTRI,592.83,556,Tidak Cocok
UNIVERSITAS ANDALAS,GIZI,592.81,781,Cocok
UNIVERSITAS DIPONEGORO,ILMU KELAUTAN,592.73,549,Tidak Cocok
UNIVERSITAS NEGERI YOGYAKARTA,TEKNIK ELEKTRO,592.48,504,Tidak Cocok
UNIVERSITAS PADJADJARAN,TEKNIK PERTANIAN,592.44,665,Cocok
UNIVERSITAS ISLAM NEGERI MALANG,FARMASI,592.29,698,Cocok
UNIVERSITAS BRAWIJAYA,KEBIDANAN,592.17,526,Tidak Cocok
INSTITUT PERTANIAN BOGOR,ILMU KELUARGA DAN KONSUMEN,592.1,789,Cocok
UNIVERSITAS JENDERAL SOEDIRMAN,FISIKA,591.88,529,Tidak Cocok
UNIVERSITAS DIPONEGORO,KEPERAWATAN,591.61,800,Cocok
UNIVERSITAS NEGERI SEMARANG,SISTEM INFORMASI,591.47,731,Cocok
"UPN ""VETERAN"" JAWA TIMUR",TEKNIK LINGKUNGAN,591.45,557,Tidak Cocok
UNIVERSITAS TANJUNGPURA,FARMASI,591.26,603,Cocok
INSTITUT PERTANIAN BOGOR,MANAJEMEN HUTAN,591.24,607,Cocok
UNIVERSITAS SRIWIJAYA,TEKNIK KIMIA,591.23,545,Tidak Cocok
"UPN ""VETERAN"" JAWA TIMUR",TEKNIK INDUSTRI,591.09,767,Cocok
UNIVERSITAS SUMATERA UTARA,ILMU KOMPUTER,590.95,548,Tidak Cocok
UNIVERSITAS BRAWIJAYA,AGRIBISNIS,590.9,522,Tidak Cocok
UNIVERSITAS SEBELAS MARET,PENDIDIKAN FISIKA,590.86,609,Cocok
UNIVERSITAS SRIWIJAYA,FARMASI,590.68,720,Cocok
UNIVERSITAS ISLAM NEGERI JAKARTA,MATEMATIKA,590.56,509,Tidak Cocok
UNIVERSITAS AIRLANGGA,FISIKA,590.54,775,Cocok
UNIVERSITAS AIRLANGGA,BIOLOGI,590.48,605,Cocok
"UPN ""VETERAN"" JAWA TIMUR",TEKNIK SIPIL,590.39,685,Cocok
INSTITUT PERTANIAN BOGOR,NUTRISI DAN TEKNOLOGI PAKAN,590.26,553,Tidak Cocok
UNIVERSITAS JENDERAL SOEDIRMAN,BIOLOGI,590.21,509,Tidak Cocok
UNIVERSITAS PADJADJARAN,ILMU KELAUTAN,590.16,641,Cocok
UNIVERSITAS NEGERI SURABAYA,PEND. MATEMATIKA,590.12,609,Cocok
UNIVERSITAS DIPONEGORO,AKUAKULTUR,590.04,768,Cocok
UNIVERSITAS PENDIDIKAN INDONESIA,PENDIDIKAN KIMIA,590.02,693,Cocok
UNIVERSITAS SUMATERA UTARA,TEKNIK KIMIA,589.72,677,Cocok
UNIVERSITAS NEGERI MALANG,PENDIDIKAN KIMIA,589.62,645,Cocok
UNIVERSITAS SRIWIJAYA,TEKNIK PERTAMBANGAN,589.51,654,Cocok
"UPN ""VETERAN"" JAKARTA",TEKNIK MESIN,589.49,684,Cocok
UNIVERSITAS NEGERI SEMARANG,BIOLOGI,589.49,783,Cocok
UNIVERSITAS UDAYANA,FISIOTERAPI,589.34,735,Cocok
"UPN ""VETERAN"" JAWA TIMUR",SISTEM INFORMASI,589.27,801,Cocok
UNIVERSITAS NEGERI SEMARANG,KESEHATAN MASYARAKAT,588.94,540,Tidak Cocok
UNIVERSITAS NEGERI SURABAYA,KIMIA,588.84,522,Tidak Cocok
UNIVERSITAS UDAYANA,KEDOKTERAN HEWAN,588.55,718,Cocok
UNIVERSITAS NEGERI JAKARTA,PENDIDIKAN KIMIA,588.24,793,Cocok
UNIVERSITAS JENDERAL SOEDIRMAN,AGRIBISNIS,587.8,619,Cocok
"UPN ""VETERAN"" YOGYAKARTA",AGROTEKNOLOGI,587.8,767,Cocok
UNIVERSITAS ISLAM NEGERI JAKARTA,KESEHATAN MASYARAKAT,587.7,547,Tidak Cocok
UNIVERSITAS PENDIDIKAN INDONESIA,PENDIDIKAN TEKNIK ARSITEKTUR,587.66,761,Cocok
UNIVERSITAS PENDIDIKAN INDONESIA,PENDIDIKAN FISIKA,587.36,766,Cocok
UNIVERSITAS TIDAR,TEKNIK SIPIL,587.19,661,Cocok
UNIVERSITAS NEGERI SEMARANG,TEKNIK MESIN,587.04,722,Cocok
UNIVERSITAS UDAYANA,TEKNIK SIPIL,586.97,614,Cocok
UNIVERSITAS NEGERI JAKARTA,PENDIDIKAN BIOLOGI,586.82,661,Cocok
INSTITUT PERTANIAN BOGOR,SILVIKULTUR,586.76,567,Tidak Cocok
UNIVERSITAS NEGERI MALANG,TEKNIK ELEKTRO,586.69,690,Cocok
UNIVERSITAS BRAWIJAYA,ILMU KELAUTAN,586.46,523,Tidak Cocok
UNIVERSITAS DIPONEGORO,AGROEKOTEKNOLOGI,586.32,536,Tidak Cocok
"UPN ""VETERAN"" YOGYAKARTA",ILMU TANAH,585.84,611,Cocok
UNIVERSITAS SUMATERA UTARA,TEKNIK SIPIL,585.83,763,Cocok
UNIVERSITAS SAM RATULANGI,PENDIDIKAN DOKTER GIGI,585.67,614,Cocok
UNIVERSITAS ISLAM NEGERI SUNAN KALIJAGA,MATEMATIKA,585.61,617,Cocok
UNIVERSITAS NEGERI SEMARANG,FISIKA,585.46,767,Cocok
UNIVERSITAS SEBELAS MARET,PENDIDIKAN IPA,585.32,517,Tidak Cocok
UNIVERSITAS NEGERI SEMARANG,PENDIDIKAN KIMIA,584.98,673,Cocok
UNIVERSITAS RIAU,TEKNIK KIMIA,584.97,680,Cocok
UNIVERSITAS ANDALAS,KIMIA,584.92,718,Cocok
UNIVERSITAS JEMBER,KESEHATAN MASYARAKAT,584.91,734,Cocok
UNIVERSITAS LAMPUNG,FARMASI,584.9,663,Cocok
UNIVERSITAS JEMBER,SISTEM INFORMASI,584.79,800,Cocok
INSTITUT PERTANIAN BOGOR,TEKNOLOGI HASIL PERAIRAN,584.72,664,Cocok
UNIVERSITAS AIRLANGGA,PENDIDIKAN NERS,584.57,523,Tidak Cocok
UNIVERSITAS ISLAM NEGERI SUNAN KALIJAGA,KIMIA,584.44,507,Tidak Cocok
UNIVERSITAS ISLAM NEGERI JAKARTA,KIMIA,584.28,738,Cocok
UNIVERSITAS NEGERI SEMARANG,PENDIDIKAN FISIKA,584.02,509,Tidak Cocok
UNIVERSITAS NEGERI YOGYAKARTA,PENDIDIKAN TEKNIK SIPIL & PERENCANAAN,584.0,794,Cocok
UNIVERSITAS ISLAM NEGERI JAKARTA,TEKNIK INFORMATIKA,583.87,522,Tidak Cocok
UNIVERSITAS NEGERI YOGYAKARTA,TEKNIK MANUFAKTUR,583.7,529,Tidak Cocok
UNIVERSITAS SEBELAS MARET,PENYULUHAN DAN KOMUNIKASI PERTANIAN,583.67,763,Cocok
UNIVERSITAS NEGERI SEMARANG,PENDIDIKAN BIOLOGI,583.6,584,Cocok
UNIVERSITAS ISLAM NEGERI SUNAN GUNUNG DJATI,TEKNIK INFORMATIKA,583.54,596,Cocok
UNIVERSITAS ANDALAS,ILMU KESEHATAN MASYARAKAT,583.38,733,Cocok
INSTITUT PERTANIAN BOGOR,TEKNOLOGI HASIL TERNAK,583.2,627,Cocok
UNIVERSITAS NEGERI MALANG,TEKNIK MESIN,583.2,793,Cocok
UNIVERSITAS NEGERI MALANG,TEKNIK INDUSTRI,583.19,701,Cocok
UNIVERSITAS DIPONEGORO,AGRIBISNIS,582.8,521,Tidak Cocok
UNIVERSITAS UDAYANA,ILMU KOMPUTER/TEKNIK INFORMATIKA,582.76,549,Tidak Cocok
"UPN ""VETERAN"" JAKARTA",KEPERAWATAN,582.64,653,Cocok
"UPN ""VETERAN"" JAKARTA",TEKNIK PERKAPALAN,582.53,637,Cocok
UNIVERSITAS PENDIDIKAN INDONESIA,PENDIDIKAN ILMU PENGETAHUAN ALAM,582.5,559,Tidak Cocok
UNIVERSITAS NEGERI MALANG,BIOLOGI,582.4,702,Cocok
UNIVERSITAS SRIWIJAYA,TEKNIK INFORMATIKA,582.37,640,Cocok
UNIVERSITAS ANDALAS,SISTEM KOMPUTER,582.23,709,Cocok
UNIVERSITAS NEGERI SEMARANG,PENDIDIKAN IPA,582.14,525,Tidak Cocok
UNIVERSITAS NEGERI MALANG,ILMU KESEHATAN MASYARAKAT,582.05,584,Cocok
UNIVERSITAS SRIWIJAYA,PSIKOLOGI,581.97,756,Cocok
UNIVERSITAS BRAWIJAYA,AGROEKOTEKNOLOGI,581.92,734,Cocok
